{
  "best_params": {
    "batch_size": 64,
    "epochs": 200,
    "early_stopping_patience": 25,
    "n_layers": 4,
    "activation": "elu",
    "use_batch_norm": true,
    "dropout_rate": 0.1,
    "l2_reg": 5.3476965130408245e-05,
    "units_layer_0": 128,
    "units_layer_1": 224,
    "units_layer_2": 160,
    "units_layer_3": 32,
    "optimizer": "rmsprop",
    "learning_rate": 0.00110954356406192
  },
  "best_f1_score": 0.9974492831726991,
  "test_accuracy": 0.996523754345307,
  "test_f1_score": 0.9965244457217696
}