linear_velocity_gain,angular_velocity_gain,passed_waypoint,time
4.440000057220459,0.4169999957084656,2,273.5724198818207
